,Name,Age,City
0,Alice,24,New York
1,Bob,30,Los Angeles
2,Charlie,28,Chicago
3,David,35,Houston
4,Eve,22,Phoenix
5,Frank,40,Philadelphia
6,Grace,29,San Antonio
7,Henry,31,San Diego
8,Ivy,26,Dallas
9,Jack,33,San Jose
10,Katie,27,Austin
11,Liam,38,Jacksonville
12,Mia,25,Fort Worth
13,Noah,42,Columbus
14,Olivia,23,Charlotte
15,Peter,36,San Francisco
16,Quinn,34,Indianapolis
17,Rachel,39,Seattle
18,Samuel,45,Denver
19,Tina,28,Washington
20,Uma,32,Boston
21,Victor,37,El Paso
22,Wendy,30,Nashville
23,Xander,41,Oklahoma City
24,Yara,27,Las Vegas
25,Zane,35,Portland
26,Aaron,29,Detroit
27,Bella,26,Miami
28,Caleb,44,Memphis
29,Diana,31,Atlanta
30,Ethan,33,Baltimore
31,Fiona,28,Milwaukee
32,George,47,Albuquerque
33,Hazel,25,Tucson
34,Ian,39,Fresno
35,Jenna,30,Sacramento
36,Kevin,36,Kansas City
37,Luna,24,Mesa
38,Mason,43,Colorado Springs
39,Nora,27,Omaha
40,Oscar,38,Raleigh
41,Penny,29,Virginia Beach
42,Quincy,35,Oakland
43,Riley,32,Minneapolis
44,Sophia,26,Arlington
45,Tyler,45,Wichita
46,Ursula,31,Aurora
47,Vince,34,New Orleans
48,Willow,28,Cleveland
49,Xavier,40,Tampa
50,Yvonne,33,Anaheim
51,Zoe,29,Honolulu
